Workbook

Sheet Pricing
A1: Plan | B1: Monthly Price (€)
A2: Pro | B2: 4.99
A3: Premium | B3: 8.99

Sheet Distribution
A1: Metric | B1: Value | C1: Clients | F1: Colonne1 | G1: Value | H1: Value2 | I1: Value3 | J1: Value4
A2: =Pricing[[#This Row],[Plan]] &" %" -> Pro % | B2: {=INDEX(threshold[[#This Row],[Value]:[Value4]],MATCH(TRUE,G4:J4>=B7,0))} -> 0.97 | C2: =$B$7*marketHyp[[#This Row],[Value]] -> 19400 | F2: =Pricing[[#This Row],[Plan]] -> Pro | G2: 0.95 | H2: 0.97 | I2: 0.99 | J2: 0.999
A3: =Pricing[[#This Row],[Plan]] &" %" -> Premium % | B3: =1-B2 -> 0.03 | C3: =$B$7*marketHyp[[#This Row],[Value]] -> 600 | F3: =Pricing[[#This Row],[Plan]] -> Premium | G3: =1-G2 -> 0.05 | H3: =1-H2 -> 0.03 | I3: =1-I2 -> 0.01 | J3: =1-J2 -> 0.001
A4: Paying / Free | B4: 0.03 | F4: upTo | G4: 10000 | H4: 50000 | I4: 100000 | J4: 100000000
A6: Metric | B6: Value
A7: Total Paying Users | B7: 20000
A8: ="Required " & Pricing!A2 & " users->" -> Required Pro users-> | B8: =C2/B$4 -> 646666.67
A9: ="Required " & Pricing!A3 & " users->" -> Required Premium users-> | B9: =C3/B$4 -> 20000
A10: ="Required " & Pricing!#REF! & " users->" -> #REF! | B10: =#REF!/B$4 -> #REF!
A11: total required | B11: =SUM(B8:B10) -> #REF!

Sheet Revenue Simulation
A1: Plan | B1: Users | C1: websites | D1: Monthly Revenue (€) | E1: Monthly from Annual subscriber | F1: Monthly total equivalent | G1: Annual Cash (€)
A2: Starter | B2: =Distribution!$B$7*marketHyp[[#This Row],[Value]] -> 19400 | C2: =Revenues[[#This Row],[Users]]*#REF! -> #REF! | D2: =Pricing[[#This Row],[Monthly Price (€)]]*Distribution!$B$7*marketHyp[[#This Row],[Value]]*Distribution!#REF! -> #REF! | E2: =(#REF! / 12 )*Distribution!$B$7*marketHyp[[#This Row],[Value]]*Distribution!#REF! -> #REF! | F2: =SUM(Revenues[[#This Row],[Monthly Revenue (€)]]+Revenues[[#This Row],[Monthly from Annual subscriber]]) -> #REF! | G2: =12*(Revenues[[#This Row],[Monthly Revenue (€)]]+Revenues[[#This Row],[Monthly from Annual subscriber]]) -> #REF!
A3: Pro | B3: =Distribution!$B$7*marketHyp[[#This Row],[Value]] -> 600 | C3: =Revenues[[#This Row],[Users]]*#REF! -> #REF! | D3: =Pricing[[#This Row],[Monthly Price (€)]]*Distribution!$B$7*marketHyp[[#This Row],[Value]]*Distribution!#REF! -> #REF! | E3: =(#REF! / 12 )*Distribution!$B$7*marketHyp[[#This Row],[Value]]*Distribution!#REF! -> #REF! | F3: =SUM(Revenues[[#This Row],[Monthly Revenue (€)]]+Revenues[[#This Row],[Monthly from Annual subscriber]]) -> #REF! | G3: =12*(Revenues[[#This Row],[Monthly Revenue (€)]]+Revenues[[#This Row],[Monthly from Annual subscriber]]) -> #REF!
A4: Agency | B4: =Distribution!$B$7*marketHyp[[#This Row],[Value]] -> 600 | C4: =Revenues[[#This Row],[Users]]*#REF! -> #REF! | D4: =Pricing[[#This Row],[Monthly Price (€)]]*Distribution!$B$7*marketHyp[[#This Row],[Value]]*Distribution!#REF! -> #VALUE! | E4: =(#REF! / 12 )*Distribution!$B$7*marketHyp[[#This Row],[Value]]*Distribution!#REF! -> #REF! | F4: =SUM(Revenues[[#This Row],[Monthly Revenue (€)]]+Revenues[[#This Row],[Monthly from Annual subscriber]]) -> #VALUE! | G4: =12*(Revenues[[#This Row],[Monthly Revenue (€)]]+Revenues[[#This Row],[Monthly from Annual subscriber]]) -> #VALUE!
A5: Total | B5: =SUBTOTAL(109,Revenues[Users]) -> 20600 | C5: =SUBTOTAL(109,Revenues[websites]) -> #REF! | D5: =SUBTOTAL(109,Revenues[Monthly Revenue (€)]) -> #REF! | E5: =SUBTOTAL(109,Revenues[Monthly from Annual subscriber]) -> #REF! | F5: =SUBTOTAL(109,Revenues[Monthly total equivalent]) -> #REF! | G5: =SUBTOTAL(109,Revenues[Annual Cash (€)]) -> #REF!
A10: Colonne1 | B10: Colonne2 | C10: Colonne3 | D10: Colonne4
A11: total websites | C11: 600000000
A12: paying my solution | C12: =Revenues[[#Totals],[websites]] -> #REF! | D12: =Revenues[[#Totals],[websites]]/C11 -> #REF!
A13: using my solution | C13: =C12/Distribution!B4 -> #REF! | D13: =C13/C11 -> #REF!

Sheet KPIs
A1: KPI | B1: Formula | C1: Current
A2: MRR | C2: =Revenues[[#Totals],[Monthly Revenue (€)]]+Revenues[[#Totals],[Monthly from Annual subscriber]] -> #REF!
A3: ARR | C3: =C2*12 -> #REF!
A4: ARPU | C4: =C2/Distribution!$B$7 -> #REF!
A5: LTV(12month) | C5: =C4*12 -> #REF!
A6: Free to Paid Conversion | B6: Target: 2-5%
A7: Agency+ Share | B7: Target: >=35%
A8: Annual Share | B8: Target: 25-35%
A9: Churn (monthly) | B9: Target: <5%
